[
  {
    "name": "Toccata and Fugue in D minor",
    "id": 0,
    "uri": "asset:///toccata_fugue.mp3",
    "composer": "Johann Sebastian Bach",
    "albumArtID": "bach"
  },
  {
    "name": "Fur Elise",
    "id": 1,
    "uri": "asset:///fur_elise.mp3",
    "composer": "Ludwig van Beethoven",
    "albumArtID": "beethoven"
  },
  {
    "name": "Rondo Alla Turca",
    "id": 2,
    "uri": "asset:///rondo_alla_turca.mp3",
    "composer": "Wolfgang Amadeus Mozart",
    "albumArtID": "mozart"
  },
  {
    "name": "Nocturne Op. 9 No. 2",
    "id": 3,
    "uri": "asset:///nocturne_9_2.mp3",
    "composer": "Frédéric Chopin",
    "albumArtID": "chopin"
  },
  {
    "name": "Four Seasons, Spring",
    "id": 4,
    "uri": "asset:///four_seasons_spring.mp3",
    "composer": "Antonio Vivaldi",
    "albumArtID": "vivaldi"
  },
  {
    "name": "Canon and Gigue in D",
    "id": 5,
    "uri": "asset:///canon_in_d.mp3",
    "composer": "Johann Pachelbel",
    "albumArtID": "pachelbel"
  },
  {
    "name": "Suite Bergamasque, 3rd Movement",
    "id": 6,
    "uri": "asset:///clair_de_lune.mp3",
    "composer": "Claude Debussy",
    "albumArtID": "debussy"
  },
  {
    "name": "Hungarian Dance No. 5",
    "id": 7,
    "uri": "asset:///hungarian_dance.mp3",
    "composer": "Johannes Brahms",
    "albumArtID": "brahms"
  },
  {
    "name": "Ride of the Valkyries",
    "id": 8,
    "uri": "asset:///ride_of_the_valkyries.mp3",
    "composer": "Richard Wagner",
    "albumArtID": "wagner"
  },
  {
    "name": "Swan Lake Op. 20, Act II",
    "id": 9,
    "uri": "asset:///swan_lake.mp3",
    "composer": "Pyotr Ilyich Tchaikovsky",
    "albumArtID": "tchaikovsky"
  },
  {
    "name": "String Quarter No. 14",
    "id": 10,
    "uri": "asset:///string_quartet_14.mp3",
    "composer": "Franz Schubert",
    "albumArtID": "schubert"
  }
]
